League,Time,Home,Score,Away,Fouls,Yellow Card,Red Card,Possession,Shots (OT),Passes (Success),Pass Success%,Dribbles,Rating,League,Time,Home,Score,Away,Corners,Offsides,Head(Success),saves,Tackles,Off Target,Blocked,Throws,Rating
ENG FAC,2017-04-23 22:00,Arsenal,0-0,Manchester City,0,0,0,0%,0(0),0(0),0%,0,0,ENG FAC,2017-04-23 22:00,Arsenal,0-0,Manchester City,0,0,0(0),0,0,0,0,0,0
ENG PR,2017-04-18 03:00,Middlesbrough,1-2,Arsenal,16,2,0,65%,12(4),584(492),84%,0.84,7.13,ENG PR,2017-04-18 03:00,Middlesbrough,1-2,Arsenal,4,0,50(26),4,33,4,4,21,7.13
ENG PR,2017-04-11 03:00,Crystal Palace,3-0,Arsenal,10,1,0,72%,11(3),627(525),84%,0.84,6.47,ENG PR,2017-04-11 03:00,Crystal Palace,3-0,Arsenal,8,2,38(21),3,32,6,2,21,6.47
ENG PR,2017-04-06 02:45,Arsenal,3-0,West Ham United,11,2,0,66%,21(8),678(593),87%,0.87,7.51,ENG PR,2017-04-06 02:45,Arsenal,3-0,West Ham United,5,2,28(15),2,35,7,6,18,7.51
ENG PR,2017-04-02 23:00,Arsenal,2-2,Manchester City,8,3,0,44%,8(3),408(309),76%,0.76,6.92,ENG PR,2017-04-02 23:00,Arsenal,2-2,Manchester City,3,5,29(13),3,38,5,0,17,6.92
ENG PR,2017-03-18 20:30,West Bromwich(WBA),3-1,Arsenal,6,0,0,77%,12(2),750(658),88%,0.88,6.58,ENG PR,2017-03-18 20:30,West Bromwich(WBA),3-1,Arsenal,5,1,32(19),5,20,4,5,11,6.58
ENG FAC,2017-03-12 01:30,Arsenal,5-0,Lincoln City,9,2,0,77%,24(7),642(563),88%,0.88,7.57,ENG FAC,2017-03-12 01:30,Arsenal,5-0,Lincoln City,10,1,26(9),2,26,11,5,17,7.57
UEFA CL,2017-03-08 03:45,Arsenal,1-5,Bayern Munchen,13,3,1,43%,11(3),417(346),83%,0.83,6.07,UEFA CL,2017-03-08 03:45,Arsenal,1-5,Bayern Munchen,5,3,19(9),2,33,7,0,23,6.07
ENG PR,2017-03-05 01:30,Liverpool,3-1,Arsenal,16,2,0,46%,7(3),418(321),77%,0.77,6.48,ENG PR,2017-03-05 01:30,Liverpool,3-1,Arsenal,3,3,43(25),4,25,1,2,22,6.48
ENG FAC,2017-02-21 03:55,Sutton United,0-2,Arsenal,9,2,0,67%,15(4),637(546),86%,0.86,7.12,ENG FAC,2017-02-21 03:55,Sutton United,0-2,Arsenal,5,3,39(14),1,21,6,5,24,7.12
UEFA CL,2017-02-16 03:45,Bayern Munchen,5-1,Arsenal,11,3,0,26%,6(4),270(185),69%,0.69,6.29,UEFA CL,2017-02-16 03:45,Bayern Munchen,5-1,Arsenal,2,2,35(16),7,30,1,1,11,6.29
ENG PR,2017-02-11 20:30,Arsenal,2-0,Hull City,12,3,0,49%,14(4),485(391),81%,0.81,7.2,ENG PR,2017-02-11 20:30,Arsenal,2-0,Hull City,3,4,26(13),4,32,8,2,19,7.2
ENG PR,2017-02-04 20:30,Chelsea,3-1,Arsenal,8,1,0,59%,9(5),566(475),84%,0.84,6.53,ENG PR,2017-02-04 20:30,Chelsea,3-1,Arsenal,13,3,28(11),3,43,2,2,17,6.53
ENG PR,2017-02-01 03:45,Arsenal,1-2,Watford,12,3,0,74%,22(6),597(504),84%,0.84,6.67,ENG PR,2017-02-01 03:45,Arsenal,1-2,Watford,9,2,41(20),4,29,8,7,26,6.67
ENG FAC,2017-01-29 01:30,Southampton,0-5,Arsenal,5,0,0,52%,12(7),560(464),83%,0.83,7.98,ENG FAC,2017-01-29 01:30,Southampton,0-5,Arsenal,4,1,22(13),2,30,3,2,12,7.98
ENG PR,2017-01-22 22:15,Arsenal,2-1,Burnley,12,1,1,70%,24(8),578(500),87%,0.87,7.19,ENG PR,2017-01-22 22:15,Arsenal,2-1,Burnley,10,2,28(16),6,17,7,9,23,7.19
ENG PR,2017-01-14 23:00,Swansea City,0-4,Arsenal,8,0,0,57%,16(8),606(508),84%,0.84,7.41,ENG PR,2017-01-14 23:00,Swansea City,0-4,Arsenal,2,0,27(17),1,29,2,6,18,7.41
ENG FAC,2017-01-08 01:30,Preston North End,1-2,Arsenal,6,1,0,68%,17(8),696(624),90%,0.9,6.94,ENG FAC,2017-01-08 01:30,Preston North End,1-2,Arsenal,6,2,20(14),2,26,3,6,18,6.94
ENG PR,2017-01-04 03:45,Bournemouth AFC,3-3,Arsenal,12,3,0,60%,14(4),571(470),82%,0.82,6.75,ENG PR,2017-01-04 03:45,Bournemouth AFC,3-3,Arsenal,7,3,33(16),3,31,5,5,21,6.75
ENG PR,2017-01-01 23:59,Arsenal,2-0,Crystal Palace,9,1,0,64%,22(7),639(541),85%,0.85,7.48,ENG PR,2017-01-01 23:59,Arsenal,2-0,Crystal Palace,8,2,38(15),4,33,5,10,20,7.48
ENG PR,2016-12-26 23:00,Arsenal,1-0,West Bromwich(WBA),11,3,0,76%,28(12),817(728),89%,0.89,7.25,ENG PR,2016-12-26 23:00,Arsenal,1-0,West Bromwich(WBA),6,1,29(16),1,24,8,7,15,7.25
ENG PR,2016-12-18 23:59,Manchester City,2-1,Arsenal,13,2,0,39%,6(1),389(288),74%,0.74,6.59,ENG PR,2016-12-18 23:59,Manchester City,2-1,Arsenal,1,1,33(13),3,27,5,0,18,6.59
ENG PR,2016-12-14 03:45,Everton,2-1,Arsenal,10,1,0,58%,7(1),523(418),80%,0.8,6.53,ENG PR,2016-12-14 03:45,Everton,2-1,Arsenal,3,2,43(21),2,29,6,0,22,6.53
ENG PR,2016-12-10 23:00,Arsenal,3-1,Stoke City,9,0,0,64%,22(7),540(467),86%,0.86,7.1,ENG PR,2016-12-10 23:00,Arsenal,3-1,Stoke City,7,3,26(11),4,18,7,8,25,7.1
UEFA CL,2016-12-07 03:45,Basel,1-4,Arsenal,13,1,0,59%,12(6),710(623),88%,0.88,7.39,UEFA CL,2016-12-07 03:45,Basel,1-4,Arsenal,2,1,20(14),4,29,2,3,17,7.39
ENG PR,2016-12-04 01:30,West Ham United,1-5,Arsenal,11,3,0,50%,19(10),484(387),80%,0.8,7.63,ENG PR,2016-12-04 01:30,West Ham United,1-5,Arsenal,2,2,30(20),2,22,6,3,24,7.63
ENG LC,2016-12-01 03:45,Arsenal,0-2,Southampton,12,3,0,63%,17(5),629(545),87%,0.87,6.46,ENG LC,2016-12-01 03:45,Arsenal,0-2,Southampton,10,1,22(9),2,28,6,6,23,6.46
ENG PR,2016-11-27 22:15,Arsenal,3-1,Bournemouth AFC,12,3,0,52%,13(4),467(384),82%,0.82,7.14,ENG PR,2016-11-27 22:15,Arsenal,3-1,Bournemouth AFC,3,1,28(14),2,39,9,6,22,7.14
UEFA CL,2016-11-24 03:45,Arsenal,2-2,Paris Saint Germain (PSG),9,2,0,46%,5(1),514(425),83%,0.83,6.57,UEFA CL,2016-11-24 03:45,Arsenal,2-2,Paris Saint Germain (PSG),3,4,23(12),1,36,3,1,17,6.57
ENG PR,2016-11-19 20:30,Manchester United,1-1,Arsenal,11,3,0,55%,5(1),557(437),78%,0.78,6.76,ENG PR,2016-11-19 20:30,Manchester United,1-1,Arsenal,4,0,34(23),4,32,3,1,23,6.76
ENG PR,2016-11-06 20:00,Arsenal,1-1,Tottenham Hotspur,11,1,0,46%,15(2),431(303),70%,0.7,6.75,ENG PR,2016-11-06 20:00,Arsenal,1-1,Tottenham Hotspur,7,7,36(20),2,35,9,4,20,6.75
UEFA CL,2016-11-02 03:45,Ludogorets Razgrad,2-3,Arsenal,23,3,0,56%,11(4),583(512),88%,0.88,7.03,UEFA CL,2016-11-02 03:45,Ludogorets Razgrad,2-3,Arsenal,5,4,18(8),2,26,5,3,22,7.03
ENG PR,2016-10-29 19:30,Sunderland A.F.C,1-4,Arsenal,13,3,0,66%,21(7),591(505),85%,0.85,7.4,ENG PR,2016-10-29 19:30,Sunderland A.F.C,1-4,Arsenal,8,1,30(18),0,26,12,2,17,7.4
ENG LC,2016-10-26 02:45,Arsenal,2-0,Reading,7,0,0,54%,22(8),0(0),0%,0,0,ENG LC,2016-10-26 02:45,Arsenal,2-0,Reading,7,2,0(0),4,0,14,0,0,0
ENG PR,2016-10-22 22:00,Arsenal,0-0,Middlesbrough,6,1,0,75%,9(5),707(603),85%,0.85,7.11,ENG PR,2016-10-22 22:00,Arsenal,0-0,Middlesbrough,8,5,49(24),4,15,3,1,26,7.11
UEFA CL,2016-10-20 02:45,Arsenal,6-0,Ludogorets Razgrad,12,0,0,44%,19(12),457(387),85%,0.85,8.23,UEFA CL,2016-10-20 02:45,Arsenal,6-0,Ludogorets Razgrad,6,0,15(9),3,45,2,5,16,8.23
ENG PR,2016-10-15 22:00,Arsenal,3-2,Swansea City,7,0,1,49%,16(6),516(428),83%,0.83,7.1,ENG PR,2016-10-15 22:00,Arsenal,3-2,Swansea City,5,9,23(13),4,23,7,3,18,7.1
ENG PR,2016-10-02 23:30,Burnley,0-1,Arsenal,3,0,0,67%,18(3),741(638),86%,0.86,7.26,ENG PR,2016-10-02 23:30,Burnley,0-1,Arsenal,6,0,35(15),1,25,8,7,23,7.26
UEFA CL,2016-09-29 02:45,Arsenal,2-0,Basel,4,0,0,65%,19(7),755(680),90%,0.9,7.54,UEFA CL,2016-09-29 02:45,Arsenal,2-0,Basel,8,6,22(13),2,28,7,5,23,7.54
ENG PR,2016-09-25 00:30,Arsenal,3-0,Chelsea,9,0,0,50%,14(5),534(440),82%,0.82,7.53,ENG PR,2016-09-25 00:30,Arsenal,3-0,Chelsea,9,5,28(11),2,28,5,4,20,7.53
ENG LC,2016-09-21 02:45,Nottingham Forest,0-4,Arsenal,13,1,0,61%,17(9),0(0),0%,0,0,ENG LC,2016-09-21 02:45,Nottingham Forest,0-4,Arsenal,4,2,0(0),2,0,5,0,0,0
ENG PR,2016-09-17 22:00,Hull City,1-4,Arsenal,12,2,0,61%,24(9),799(738),92%,0.92,7.04,ENG PR,2016-09-17 22:00,Hull City,1-4,Arsenal,4,2,9(4),1,31,6,9,7,7.04
UEFA CL,2016-09-14 02:45,Paris Saint Germain (PSG),1-1,Arsenal,12,3,1,48%,10(3),512(424),83%,0.83,6.53,UEFA CL,2016-09-14 02:45,Paris Saint Germain (PSG),1-1,Arsenal,7,0,24(16),3,25,4,3,18,6.53
ENG PR,2016-09-10 22:00,Arsenal,2-1,Southampton,10,2,0,56%,17(2),593(500),84%,0.84,6.97,ENG PR,2016-09-10 22:00,Arsenal,2-1,Southampton,6,0,31(13),5,23,7,8,24,6.97
ENG PR,2016-08-27 22:00,Watford,1-3,Arsenal,15,1,0,55%,10(7),489(412),84%,0.84,7.29,ENG PR,2016-08-27 22:00,Watford,1-3,Arsenal,2,2,32(14),5,30,2,1,22,7.29
ENG PR,2016-08-21 00:30,Leicester City,0-0,Arsenal,7,2,0,54%,9(2),552(450),82%,0.82,7.08,ENG PR,2016-08-21 00:30,Leicester City,0-0,Arsenal,7,2,39(23),0,24,7,5,36,7.08
ENG PR,2016-08-14 23:00,Arsenal,3-4,Liverpool,13,3,0,49%,8(4),485(385),79%,0.79,6.7,ENG PR,2016-08-14 23:00,Arsenal,3-4,Liverpool,5,4,38(23),3,32,4,1,25,6.7
INT CF,2016-08-08 01:00,Arsenal,3-2,Manchester City,8,0,0,43%,14(5),0(0),0%,0,0,INT CF,2016-08-08 01:00,Arsenal,3-2,Manchester City,3,2,0(0),3,0,9,0,0,0
INT CF,2016-08-06 02:30,Viking,0-8,Arsenal,0,1,0,64%,26(15),0(0),0%,0,0,INT CF,2016-08-06 02:30,Viking,0-8,Arsenal,9,0,0(0),0,0,11,0,0,0
INT CF,2016-08-01 09:00,Chivas Guadalajara,1-3,Arsenal,0,3,0,44%,13(6),0(0),0%,0,0,INT CF,2016-08-01 09:00,Chivas Guadalajara,1-3,Arsenal,7,0,0(0),0,0,7,0,0,0
INT CF,2016-07-29 08:00,MLS All-Stars,1-2,Arsenal,9,0,0,52%,15(7),0(0),0%,0,0,INT CF,2016-07-29 08:00,MLS All-Stars,1-2,Arsenal,6,2,0(0),3,0,0,0,0,0
INT CF,2016-07-23 02:00,Lens,1-1,Arsenal,0,1,0,0%,6(2),0(0),0%,0,0,INT CF,2016-07-23 02:00,Lens,1-1,Arsenal,6,0,0(0),0,0,4,0,0,0
ENG PR,2016-05-15 22:00,Arsenal,4-0,Aston Villa,12,0,0,60%,16(7),611(542),89%,0.89,7.7,ENG PR,2016-05-15 22:00,Arsenal,4-0,Aston Villa,5,0,14(6),2,26,7,2,11,7.7
ENG PR,2016-05-08 23:00,Manchester City,2-2,Arsenal,10,1,0,36%,5(2),383(276),72%,0.72,6.85,ENG PR,2016-05-08 23:00,Manchester City,2-2,Arsenal,2,3,50(23),1,50,2,1,17,6.85
ENG PR,2016-05-01 00:30,Arsenal,1-0,Norwich City,8,1,0,63%,13(2),697(592),85%,0.85,7.14,ENG PR,2016-05-01 00:30,Arsenal,1-0,Norwich City,7,3,36(18),3,20,11,5,20,7.14
ENG PR,2016-04-24 21:05,Sunderland A.F.C,0-0,Arsenal,8,4,0,66%,20(7),660(552),84%,0.84,7.06,ENG PR,2016-04-24 21:05,Sunderland A.F.C,0-0,Arsenal,7,4,42(23),3,13,5,8,22,7.06
ENG PR,2016-04-22 02:45,Arsenal,2-0,West Bromwich(WBA),14,0,0,65%,16(7),725(642),89%,0.89,7.47,ENG PR,2016-04-22 02:45,Arsenal,2-0,West Bromwich(WBA),2,3,37(22),1,18,6,3,16,7.47
ENG PR,2016-04-17 23:00,Arsenal,1-1,Crystal Palace,7,0,0,67%,21(6),737(651),88%,0.88,7.01,ENG PR,2016-04-17 23:00,Arsenal,1-1,Crystal Palace,10,2,40(20),1,24,8,7,24,7.01
ENG PR,2016-04-09 19:45,West Ham United,3-3,Arsenal,8,0,0,56%,11(5),566(481),85%,0.85,7.06,ENG PR,2016-04-09 19:45,West Ham United,3-3,Arsenal,4,1,27(14),4,28,6,2,17,7.06
ENG PR,2016-04-02 22:00,Arsenal,4-0,Watford,7,1,0,64%,19(12),0(0),0%,0,7.8,ENG PR,2016-04-02 22:00,Arsenal,4-0,Watford,8,1,0(0),2,0,4,3,0,7.8
ENG PR,2016-03-19 20:45,Everton,0-2,Arsenal,10,0,0,44%,11(3),450(361),80%,0.8,7.49,ENG PR,2016-03-19 20:45,Everton,0-2,Arsenal,5,3,22(13),2,29,4,4,19,7.49
UEFA CL,2016-03-17 03:45,FC Barcelona,3-1,Arsenal,11,4,0,43%,20(3),395(320),81%,0.81,6.81,UEFA CL,2016-03-17 03:45,FC Barcelona,3-1,Arsenal,8,1,10(5),5,38,9,8,18,6.81
ENG FAC,2016-03-13 21:30,Arsenal,1-2,Watford,8,1,0,71%,20(4),725(623),86%,0.86,6.93,ENG FAC,2016-03-13 21:30,Arsenal,1-2,Watford,7,3,39(23),0,26,10,6,22,6.93
ENG FAC,2016-03-09 03:00,Hull City,0-4,Arsenal,10,2,0,53%,13(8),0(0),0%,0,0,ENG FAC,2016-03-09 03:00,Hull City,0-4,Arsenal,4,6,0(0),2,0,5,2,0,0
ENG PR,2016-03-05 20:45,Tottenham Hotspur,2-2,Arsenal,10,4,1,48%,10(4),413(294),71%,0.71,6.98,ENG PR,2016-03-05 20:45,Tottenham Hotspur,2-2,Arsenal,2,1,23(14),9,34,6,4,28,6.98
ENG PR,2016-03-03 03:45,Arsenal,1-2,Swansea City,8,0,0,63%,16(5),622(540),87%,0.87,6.87,ENG PR,2016-03-03 03:45,Arsenal,1-2,Swansea City,7,3,12(9),0,38,8,6,22,6.87
ENG PR,2016-02-28 22:05,Manchester United,3-2,Arsenal,15,3,0,61%,10(6),543(457),84%,0.84,6.54,ENG PR,2016-02-28 22:05,Manchester United,3-2,Arsenal,3,1,14(10),2,20,5,3,26,6.54
UEFA CL,2016-02-24 03:45,Arsenal,0-2,FC Barcelona,13,1,0,35%,8(2),374(287),77%,0.77,6.57,UEFA CL,2016-02-24 03:45,Arsenal,0-2,FC Barcelona,1,3,22(14),2,34,6,4,16,6.57
ENG FAC,2016-02-20 20:45,Arsenal,0-0,Hull City,11,2,0,68%,19(11),665(585),88%,0.88,6.98,ENG FAC,2016-02-20 20:45,Arsenal,0-0,Hull City,12,0,36(18),1,27,7,6,30,6.98
ENG PR,2016-02-14 20:00,Arsenal,2-1,Leicester City,9,4,0,72%,22(6),672(579),86%,0.86,7.24,ENG PR,2016-02-14 20:00,Arsenal,2-1,Leicester City,11,5,48(31),2,25,12,6,29,7.24
ENG PR,2016-02-07 21:30,Bournemouth AFC,0-2,Arsenal,8,1,0,48%,10(5),492(397),81%,0.81,7.28,ENG PR,2016-02-07 21:30,Bournemouth AFC,0-2,Arsenal,3,6,19(11),4,29,5,3,17,7.28
ENG PR,2016-02-03 03:45,Arsenal,0-0,Southampton,11,2,0,67%,21(10),538(446),83%,0.83,7.26,ENG PR,2016-02-03 03:45,Arsenal,0-0,Southampton,13,0,22(16),3,25,6,4,19,7.26
ENG FAC,2016-01-30 23:00,Arsenal,2-1,Burnley,8,1,0,68%,23(7),0(0),0%,0,0,ENG FAC,2016-01-30 23:00,Arsenal,2-1,Burnley,11,1,0(0),1,0,7,9,0,0
ENG PR,2016-01-24 23:59,Arsenal,0-1,Chelsea,14,1,1,47%,9(1),468(387),83%,0.83,6.6,ENG PR,2016-01-24 23:59,Arsenal,0-1,Chelsea,6,1,19(9),4,28,7,1,22,6.6
ENG PR,2016-01-18 00:15,Stoke City,0-0,Arsenal,10,0,0,55%,8(3),495(386),78%,0.78,7.05,ENG PR,2016-01-18 00:15,Stoke City,0-0,Arsenal,6,0,35(14),5,20,1,4,19,7.05
ENG PR,2016-01-14 04:00,Liverpool,3-3,Arsenal,7,0,0,41%,14(4),380(270),71%,0.71,6.97,ENG PR,2016-01-14 04:00,Liverpool,3-3,Arsenal,3,5,26(12),3,34,5,4,10,6.97
ENG FAC,2016-01-09 23:00,Arsenal,3-1,Sunderland A.F.C,9,1,0,63%,19(13),0(0),0%,0,0,ENG FAC,2016-01-09 23:00,Arsenal,3-1,Sunderland A.F.C,11,1,0(0),2,0,8,4,0,0
ENG PR,2016-01-02 23:00,Arsenal,1-0,Newcastle United,10,2,0,51%,16(3),473(404),85%,0.85,7.16,ENG PR,2016-01-02 23:00,Arsenal,1-0,Newcastle United,7,2,24(14),6,38,11,2,22,7.16
ENG PR,2015-12-29 01:30,Arsenal,2-0,Bournemouth AFC,7,2,0,51%,13(6),531(453),85%,0.85,7.29,ENG PR,2015-12-29 01:30,Arsenal,2-0,Bournemouth AFC,9,1,20(12),3,30,5,2,14,7.29
ENG PR,2015-12-27 03:45,Southampton,4-0,Arsenal,9,0,0,65%,7(4),574(489),85%,0.85,6.14,ENG PR,2015-12-27 03:45,Southampton,4-0,Arsenal,4,1,26(18),1,20,3,0,25,6.14
ENG PR,2015-12-22 04:00,Arsenal,2-1,Manchester City,5,0,0,37%,8(5),382(300),79%,0.79,7.2,ENG PR,2015-12-22 04:00,Arsenal,2-1,Manchester City,4,3,25(15),5,33,3,0,18,7.2
ENG PR,2015-12-13 21:30,Aston Villa,0-2,Arsenal,7,0,0,54%,8(4),523(440),84%,0.84,7.03,ENG PR,2015-12-13 21:30,Aston Villa,0-2,Arsenal,5,5,27(14),2,27,3,1,18,7.03
UEFA CL,2015-12-10 03:45,Olympiakos Piraeus,0-3,Arsenal,15,2,0,50%,10(5),440(357),81%,0.81,7.46,UEFA CL,2015-12-10 03:45,Olympiakos Piraeus,0-3,Arsenal,6,4,40(20),4,28,3,4,18,7.46
ENG PR,2015-12-05 23:00,Arsenal,3-1,Sunderland A.F.C,7,1,0,73%,16(6),634(553),87%,0.87,7.33,ENG PR,2015-12-05 23:00,Arsenal,3-1,Sunderland A.F.C,3,1,30(14),3,22,4,4,10,7.33
ENG PR,2015-11-30 00:15,Norwich City,1-1,Arsenal,6,1,0,63%,12(2),626(547),87%,0.87,6.71,ENG PR,2015-11-30 00:15,Norwich City,1-1,Arsenal,6,2,19(12),1,18,5,4,23,6.71
UEFA CL,2015-11-25 03:45,Arsenal,3-0,Dinamo Zagreb,5,1,0,52%,16(7),587(516),88%,0.88,7.67,UEFA CL,2015-11-25 03:45,Arsenal,3-0,Dinamo Zagreb,9,1,19(11),1,26,7,2,19,7.67
ENG PR,2015-11-21 23:00,West Bromwich(WBA),2-1,Arsenal,10,2,0,72%,11(3),685(592),86%,0.86,6.6,ENG PR,2015-11-21 23:00,West Bromwich(WBA),2-1,Arsenal,5,1,26(14),1,14,7,1,12,6.6
ENG PR,2015-11-08 23:59,Arsenal,1-1,Tottenham Hotspur,12,0,0,55%,10(4),459(344),75%,0.75,6.85,ENG PR,2015-11-08 23:59,Arsenal,1-1,Tottenham Hotspur,7,1,25(12),3,50,5,1,32,6.85
UEFA CL,2015-11-05 03:45,Bayern Munchen,5-1,Arsenal,8,2,0,35%,7(2),341(268),79%,0.79,6.6,UEFA CL,2015-11-05 03:45,Bayern Munchen,5-1,Arsenal,1,2,20(11),8,29,3,2,15,6.6
ENG PR,2015-10-31 23:00,Swansea City,0-3,Arsenal,7,0,0,46%,15(5),461(387),84%,0.84,7.58,ENG PR,2015-10-31 23:00,Swansea City,0-3,Arsenal,4,1,22(11),3,27,7,3,17,7.58
ENG LC,2015-10-28 03:45,Sheffield Wednesday,3-0,Arsenal,10,2,0,71%,6(2),0(0),0%,0,0,ENG LC,2015-10-28 03:45,Sheffield Wednesday,3-0,Arsenal,5,2,0(0),1,0,2,2,0,0
ENG PR,2015-10-25 00:30,Arsenal,2-1,Everton,11,2,0,57%,20(5),527(450),85%,0.85,7.35,ENG PR,2015-10-25 00:30,Arsenal,2-1,Everton,7,0,21(12),4,34,9,6,23,7.35
UEFA CL,2015-10-21 02:45,Arsenal,2-0,Bayern Munchen,9,1,0,32%,13(8),278(207),74%,0.74,7.43,UEFA CL,2015-10-21 02:45,Arsenal,2-0,Bayern Munchen,5,6,21(10),8,43,3,2,11,7.43
ENG PR,2015-10-18 00:30,Watford,0-3,Arsenal,12,1,0,67%,17(6),633(555),88%,0.88,7.64,ENG PR,2015-10-18 00:30,Watford,0-3,Arsenal,9,4,22(11),1,24,5,6,12,7.64
ENG PR,2015-10-04 23:00,Arsenal,3-0,Manchester United,8,1,0,38%,12(5),389(313),80%,0.8,7.86,ENG PR,2015-10-04 23:00,Arsenal,3-0,Manchester United,3,2,22(12),5,42,5,2,12,7.86
UEFA CL,2015-09-30 02:45,Arsenal,2-3,Olympiakos Piraeus,11,3,0,63%,18(9),654(565),86%,0.86,7.1,UEFA CL,2015-09-30 02:45,Arsenal,2-3,Olympiakos Piraeus,8,3,27(14),1,28,5,4,15,7.1
ENG PR,2015-09-26 22:00,Leicester City,2-5,Arsenal,12,1,0,58%,26(11),537(460),86%,0.86,7.72,ENG PR,2015-09-26 22:00,Leicester City,2-5,Arsenal,5,2,36(24),5,40,1,13,19,7.72
ENG LC,2015-09-24 02:45,Tottenham Hotspur,1-2,Arsenal,14,3,0,50%,13(4),0(0),0%,0,0,ENG LC,2015-09-24 02:45,Tottenham Hotspur,1-2,Arsenal,4,1,0(0),2,0,6,0,28,0
ENG PR,2015-09-19 19:45,Chelsea,2-0,Arsenal,11,4,2,36%,9(2),362(280),77%,0.77,6.54,ENG PR,2015-09-19 19:45,Chelsea,2-0,Arsenal,5,3,19(7),5,37,4,3,19,6.54
UEFA CL,2015-09-17 02:45,Dinamo Zagreb,2-1,Arsenal,14,3,1,58%,14(5),502(419),83%,0.83,6.68,UEFA CL,2015-09-17 02:45,Dinamo Zagreb,2-1,Arsenal,7,5,33(20),2,23,6,3,33,6.68
ENG PR,2015-09-12 22:00,Arsenal,2-0,Stoke City,6,1,0,66%,29(12),635(549),86%,0.86,7.6,ENG PR,2015-09-12 22:00,Arsenal,2-0,Stoke City,13,3,21(13),4,23,9,8,19,7.6
ENG PR,2015-08-29 19:45,Newcastle United,0-1,Arsenal,8,1,0,74%,22(9),778(713),92%,0.92,7.1,ENG PR,2015-08-29 19:45,Newcastle United,0-1,Arsenal,9,2,17(9),0,21,5,8,24,7.1
ENG PR,2015-08-25 03:00,Arsenal,0-0,Liverpool,2,1,0,62%,19(5),667(564),85%,0.85,7.48,ENG PR,2015-08-25 03:00,Arsenal,0-0,Liverpool,7,5,47(18),8,32,9,5,18,7.48
ENG PR,2015-08-16 20:30,Crystal Palace,1-2,Arsenal,12,1,0,59%,20(6),563(477),85%,0.85,7.14,ENG PR,2015-08-16 20:30,Crystal Palace,1-2,Arsenal,6,2,34(19),3,36,6,7,20,7.14
ENG PR,2015-08-09 20:30,Arsenal,0-2,West Ham United,12,1,0,62%,22(6),556(480),86%,0.86,6.66,ENG PR,2015-08-09 20:30,Arsenal,0-2,West Ham United,5,3,50(32),2,25,7,9,18,6.66
ENG FACS,2015-08-02 22:00,Chelsea,0-1,Arsenal,12,1,0,43%,11(5),430(325),76%,0.76,0,ENG FACS,2015-08-02 22:00,Chelsea,0-1,Arsenal,4,0,33(13),2,23,3,3,19,0
Emirates S,2015-07-26 23:20,Arsenal,1-0,VfL Wolfsburg,0,2,0,50%,10(5),0(0),0%,0,0,Emirates S,2015-07-26 23:20,Arsenal,1-0,VfL Wolfsburg,6,0,0(0),5,0,5,0,13,0
Emirates S,2015-07-25 23:20,Arsenal,6-0,Lyon,7,1,0,52%,13(9),0(0),0%,0,0,Emirates S,2015-07-25 23:20,Arsenal,6-0,Lyon,5,0,0(0),5,0,4,0,21,0
INT CF,2015-07-18 20:30,Arsenal,3-1,Everton,0,0,0,0%,0(0),0(0),0%,0,0,INT CF,2015-07-18 20:30,Arsenal,3-1,Everton,4,0,0(0),0,0,0,0,0,0
INT CF,2015-07-15 20:30,Singapore All Stars,0-4,Arsenal,0,0,0,0%,0(0),0(0),0%,0,0,INT CF,2015-07-15 20:30,Singapore All Stars,0-4,Arsenal,8,0,0(0),0,0,0,0,0,0
ENG FAC,2015-05-31 00:30,Arsenal,4-0,Aston Villa,9,0,0,58%,16(9),499(432),87%,0.87,7.77,ENG FAC,2015-05-31 00:30,Arsenal,4-0,Aston Villa,8,5,35(19),0,28,4,3,23,7.77
ENG PR,2015-05-24 22:00,Arsenal,4-1,West Bromwich(WBA),6,1,0,64%,24(13),638(578),91%,0.91,0,ENG PR,2015-05-24 22:00,Arsenal,4-1,West Bromwich(WBA),7,1,23(8),4,23,4,7,4,0
ENG PR,2015-05-21 02:45,Arsenal,0-0,Sunderland A.F.C,6,1,0,75%,28(8),799(719),90%,0.9,0,ENG PR,2015-05-21 02:45,Arsenal,0-0,Sunderland A.F.C,5,0,30(14),3,16,13,7,22,0
ENG PR,2015-05-17 23:00,Manchester United,1-1,Arsenal,8,0,0,43%,5(3),414(325),79%,0.79,0,ENG PR,2015-05-17 23:00,Manchester United,1-1,Arsenal,5,2,29(12),3,29,2,0,24,0
ENG PR,2015-05-12 03:00,Arsenal,0-1,Swansea City,7,0,0,70%,23(9),761(692),91%,0.91,0,ENG PR,2015-05-12 03:00,Arsenal,0-1,Swansea City,6,1,16(10),2,28,6,8,19,0
ENG PR,2015-05-05 03:00,Hull City,1-3,Arsenal,11,0,0,68%,22(9),687(604),88%,0.88,7.33,ENG PR,2015-05-05 03:00,Hull City,1-3,Arsenal,5,1,39(18),0,23,6,7,18,7.33
ENG PR,2015-04-26 23:00,Arsenal,0-0,Chelsea,17,4,0,57%,12(1),567(490),86%,0.86,6.95,ENG PR,2015-04-26 23:00,Arsenal,0-0,Chelsea,6,0,51(27),3,24,7,4,19,6.95
ENG FAC,2015-04-19 00:20,Reading,1-1,Arsenal,9,1,0,67%,23(9),851(738),87%,0.87,7.52,ENG FAC,2015-04-19 00:20,Reading,1-1,Arsenal,7,1,59(33),3,39,10,4,18,7.52
ENG PR,2015-04-12 00:30,Burnley,0-1,Arsenal,7,0,0,68%,17(5),688(572),83%,0.83,7.45,ENG PR,2015-04-12 00:30,Burnley,0-1,Arsenal,6,2,63(31),4,24,6,6,29,7.45
ENG PR,2015-04-04 19:45,Arsenal,4-1,Liverpool,7,1,0,51%,16(10),476(398),84%,0.84,7.4,ENG PR,2015-04-04 19:45,Arsenal,4-1,Liverpool,6,4,17(9),1,39,4,2,15,7.4
ENG PR,2015-03-21 23:00,Newcastle United,1-2,Arsenal,7,0,0,50%,7(3),443(342),77%,0.77,7.37,ENG PR,2015-03-21 23:00,Newcastle United,1-2,Arsenal,4,4,34(25),3,54,1,3,24,7.37
UEFA CL,2015-03-18 03:45,Monaco,0-2,Arsenal,11,1,0,71%,17(7),764(667),87%,0.87,7.39,UEFA CL,2015-03-18 03:45,Monaco,0-2,Arsenal,5,2,32(21),0,41,4,6,29,7.39
ENG PR,2015-03-14 23:00,Arsenal,3-0,West Ham United,10,1,0,68%,19(9),591(489),83%,0.83,7.49,ENG PR,2015-03-14 23:00,Arsenal,3-0,West Ham United,8,3,33(18),1,32,5,5,18,7.49
ENG FAC,2015-03-10 03:45,Manchester United,1-2,Arsenal,11,2,0,43%,11(8),353(266),75%,0.75,7.27,ENG FAC,2015-03-10 03:45,Manchester United,1-2,Arsenal,3,1,36(21),4,41,1,2,17,7.27
ENG PR,2015-03-05 03:45,Queens Park Rangers (QPR),1-2,Arsenal,8,1,0,55%,20(9),525(413),79%,0.79,7.58,ENG PR,2015-03-05 03:45,Queens Park Rangers (QPR),1-2,Arsenal,6,2,63(42),2,30,4,7,22,7.58
ENG PR,2015-03-01 22:05,Arsenal,2-0,Everton,12,2,0,46%,17(4),399(322),81%,0.81,7.62,ENG PR,2015-03-01 22:05,Arsenal,2-0,Everton,8,2,32(17),2,44,7,6,20,7.62
UEFA CL,2015-02-26 03:45,Arsenal,1-3,Monaco,12,3,0,57%,14(4),545(465),85%,0.85,6.72,UEFA CL,2015-02-26 03:45,Arsenal,1-3,Monaco,8,0,35(19),4,33,9,1,26,6.72
ENG PR,2015-02-21 23:00,Crystal Palace,1-2,Arsenal,14,3,0,46%,12(4),364(262),72%,0.72,7.38,ENG PR,2015-02-21 23:00,Crystal Palace,1-2,Arsenal,1,3,62(34),2,32,5,3,26,7.38
ENG FAC,2015-02-15 23:59,Arsenal,2-0,Middlesbrough,5,1,0,63%,23(10),716(646),90%,0.9,7.47,ENG FAC,2015-02-15 23:59,Arsenal,2-0,Middlesbrough,6,0,25(15),1,20,8,5,19,7.47
ENG PR,2015-02-11 03:45,Arsenal,2-1,Leicester City,13,2,0,54%,17(7),565(473),84%,0.84,7.09,ENG PR,2015-02-11 03:45,Arsenal,2-1,Leicester City,6,1,59(38),3,30,3,7,20,7.09
ENG PR,2015-02-07 20:45,Tottenham Hotspur,2-1,Arsenal,12,5,0,46%,7(3),384(267),70%,0.7,6.9,ENG PR,2015-02-07 20:45,Tottenham Hotspur,2-1,Arsenal,3,3,48(30),6,36,3,1,20,6.9
ENG PR,2015-02-01 21:30,Arsenal,5-0,Aston Villa,6,0,0,47%,13(8),508(420),83%,0.83,7.99,ENG PR,2015-02-01 21:30,Arsenal,5-0,Aston Villa,7,3,39(26),2,26,3,2,14,7.99
ENG FAC,2015-01-25 23:59,Brighton Hove Albion,2-3,Arsenal,6,0,0,54%,17(6),664(586),88%,0.88,7.25,ENG FAC,2015-01-25 23:59,Brighton Hove Albion,2-3,Arsenal,6,0,20(15),0,23,3,8,16,7.25
ENG PR,2015-01-18 23:59,Manchester City,0-2,Arsenal,5,3,0,38%,9(3),360(275),76%,0.76,7.77,ENG PR,2015-01-18 23:59,Manchester City,0-2,Arsenal,3,0,41(25),4,42,4,2,19,7.77
ENG PR,2015-01-11 21:30,Arsenal,3-0,Stoke City,11,0,0,52%,14(6),497(427),86%,0.86,7.53,ENG PR,2015-01-11 21:30,Arsenal,3-0,Stoke City,9,4,35(18),2,31,7,1,14,7.53
ENG FAC,2015-01-05 01:30,Arsenal,2-0,Hull City,10,2,0,56%,17(7),588(499),85%,0.85,7.46,ENG FAC,2015-01-05 01:30,Arsenal,2-0,Hull City,6,0,39(29),3,23,5,5,8,7.46
ENG PR,2015-01-01 23:00,Southampton,2-0,Arsenal,7,1,0,60%,11(6),555(472),85%,0.85,6.28,ENG PR,2015-01-01 23:00,Southampton,2-0,Arsenal,7,1,29(11),4,18,4,1,30,6.28
ENG PR,2014-12-28 23:00,West Ham United,1-2,Arsenal,13,3,0,46%,21(7),302(198),66%,0.66,7.27,ENG PR,2014-12-28 23:00,West Ham United,1-2,Arsenal,8,1,58(24),3,32,8,6,23,7.27
ENG PR,2014-12-27 01:30,Arsenal,2-1,Queens Park Rangers (QPR),6,1,1,54%,15(5),538(449),83%,0.83,7.08,ENG PR,2014-12-27 01:30,Arsenal,2-1,Queens Park Rangers (QPR),6,3,35(19),1,21,6,4,18,7.08
ENG PR,2014-12-21 23:59,Liverpool,2-2,Arsenal,14,3,0,38%,7(3),345(249),72%,0.72,6.87,ENG PR,2014-12-21 23:59,Liverpool,2-2,Arsenal,6,1,41(21),8,37,3,1,21,6.87
ENG PR,2014-12-14 01:30,Arsenal,4-1,Newcastle United,14,2,0,52%,17(4),467(380),81%,0.81,7.33,ENG PR,2014-12-14 01:30,Arsenal,4-1,Newcastle United,9,3,39(24),3,33,8,5,22,7.33
UEFA CL,2014-12-10 03:45,Galatasaray,1-4,Arsenal,15,3,0,46%,13(6),524(468),89%,0.89,7.13,UEFA CL,2014-12-10 03:45,Galatasaray,1-4,Arsenal,4,3,13(5),6,23,4,3,10,7.13
ENG PR,2014-12-06 23:00,Stoke City,3-2,Arsenal,14,3,1,56%,15(6),454(375),83%,0.83,6.86,ENG PR,2014-12-06 23:00,Stoke City,3-2,Arsenal,9,3,33(13),1,27,5,4,18,6.86
ENG PR,2014-12-04 03:45,Arsenal,1-0,Southampton,7,0,0,58%,19(8),537(444),83%,0.83,7.39,ENG PR,2014-12-04 03:45,Arsenal,1-0,Southampton,9,2,41(27),1,23,7,4,24,7.39
ENG PR,2014-11-29 20:45,West Bromwich(WBA),0-1,Arsenal,10,1,0,54%,17(5),512(421),82%,0.82,7.2,ENG PR,2014-11-29 20:45,West Bromwich(WBA),0-1,Arsenal,4,1,49(26),1,12,6,6,22,7.2
UEFA CL,2014-11-27 03:45,Arsenal,2-0,Borussia Dortmund,14,1,0,48%,9(3),463(352),76%,0.76,7.22,UEFA CL,2014-11-27 03:45,Arsenal,2-0,Borussia Dortmund,6,2,49(27),4,30,5,1,30,7.22
ENG PR,2014-11-23 01:30,Arsenal,1-2,Manchester United,9,2,0,56%,16(7),289(243),84%,0.84,6.77,ENG PR,2014-11-23 01:30,Arsenal,1-2,Manchester United,11,0,17(8),1,16,6,3,14,6.77
ENG PR,2014-11-09 23:59,Swansea City,2-1,Arsenal,16,5,0,54%,12(4),465(385),83%,0.83,6.62,ENG PR,2014-11-09 23:59,Swansea City,2-1,Arsenal,10,0,30(14),3,25,3,5,12,6.62
UEFA CL,2014-11-05 03:45,Arsenal,3-3,Anderlecht,10,1,0,59%,18(6),597(525),88%,0.88,6.97,UEFA CL,2014-11-05 03:45,Arsenal,3-3,Anderlecht,8,0,23(15),2,39,7,5,20,6.97
ENG PR,2014-11-01 23:00,Arsenal,3-0,Burnley,5,0,0,67%,14(4),355(307),86%,0.86,6.66,ENG PR,2014-11-01 23:00,Arsenal,3-0,Burnley,18,2,16(8),2,6,5,5,11,6.66
ENG PR,2014-10-25 22:00,Sunderland A.F.C,0-2,Arsenal,9,3,0,54%,15(5),538(442),82%,0.82,7.29,ENG PR,2014-10-25 22:00,Sunderland A.F.C,0-2,Arsenal,3,0,30(16),3,45,8,2,15,7.29
UEFA CL,2014-10-23 02:45,Anderlecht,1-2,Arsenal,12,2,0,62%,13(4),602(534),89%,0.89,6.92,UEFA CL,2014-10-23 02:45,Anderlecht,1-2,Arsenal,3,0,25(15),2,44,7,2,14,6.92
ENG PR,2014-10-18 22:00,Arsenal,2-2,Hull City,9,2,0,64%,25(9),703(620),88%,0.88,7.01,ENG PR,2014-10-18 22:00,Arsenal,2-2,Hull City,10,0,31(15),2,28,6,10,19,7.01
ENG PR,2014-10-05 21:20,Chelsea,2-0,Arsenal,10,3,0,53%,10(0),504(424),84%,0.84,6.53,ENG PR,2014-10-05 21:20,Chelsea,2-0,Arsenal,2,0,32(10),1,25,6,4,20,6.53
UEFA CL,2014-10-02 02:45,Arsenal,4-1,Galatasaray,13,1,1,51%,12(6),467(392),84%,0.84,7.48,UEFA CL,2014-10-02 02:45,Arsenal,4-1,Galatasaray,4,3,23(12),6,14,2,4,23,7.48
ENG PR,2014-09-28 00:30,Arsenal,1-1,Tottenham Hotspur,7,3,0,69%,16(6),618(545),88%,0.88,6.82,ENG PR,2014-09-28 00:30,Arsenal,1-1,Tottenham Hotspur,15,3,24(15),0,17,3,7,28,6.82
ENG LC,2014-09-24 02:45,Arsenal,1-2,Southampton,0,2,0,0%,0(0),0(0),0%,0,0,ENG LC,2014-09-24 02:45,Arsenal,1-2,Southampton,3,0,0(0),2,0,0,0,0,0
ENG PR,2014-09-20 22:00,Aston Villa,0-3,Arsenal,9,1,0,71%,9(3),815(737),90%,0.9,0,ENG PR,2014-09-20 22:00,Aston Villa,0-3,Arsenal,3,2,14(11),2,14,4,2,22,0
UEFA CL,2014-09-17 02:45,Borussia Dortmund,2-0,Arsenal,16,2,0,56%,5(1),498(383),77%,0.77,0,UEFA CL,2014-09-17 02:45,Borussia Dortmund,2-0,Arsenal,1,4,29(18),5,19,3,1,29,0
ENG PR,2014-09-13 19:45,Arsenal,2-2,Manchester City,11,0,0,45%,0(6),461(365),79%,0.79,0,ENG PR,2014-09-13 19:45,Arsenal,2-2,Manchester City,0,2,26(13),0,31,9,0,15,0
ENG PR,2014-08-31 23:00,Leicester City,1-1,Arsenal,6,1,0,69%,24(6),0(0),0%,0,0,ENG PR,2014-08-31 23:00,Leicester City,1-1,Arsenal,10,2,0(0),2,0,0,0,0,0
UEFA CL,2014-08-28 02:45,Arsenal,1-0,Besiktas JK,14,3,1,57%,11(6),0(0),0%,0,0,UEFA CL,2014-08-28 02:45,Arsenal,1-0,Besiktas JK,4,0,0(0),0,0,0,0,0,0
ENG PR,2014-08-24 00:30,Everton,2-2,Arsenal,18,4,0,54%,13(3),0(0),0%,0,0,ENG PR,2014-08-24 00:30,Everton,2-2,Arsenal,3,0,0(0),0,0,0,0,0,0
UEFA CL,2014-08-20 02:45,Besiktas JK,0-0,Arsenal,13,3,1,47%,8(5),0(0),0%,0,0,UEFA CL,2014-08-20 02:45,Besiktas JK,0-0,Arsenal,6,0,0(0),6,0,0,0,0,0
ENG PR,2014-08-17 00:30,Arsenal,2-1,Crystal Palace,13,2,0,76%,14(6),0(0),0%,0,0,ENG PR,2014-08-17 00:30,Arsenal,2-1,Crystal Palace,9,0,0(0),1,0,0,0,0,0
ENG PR,2014-05-11 22:00,Norwich City,0-2,Arsenal,5,0,1,63%,14(8),0(0),0%,0,0,ENG PR,2014-05-11 22:00,Norwich City,0-2,Arsenal,4,1,0(0),5,0,0,0,0,0
ENG PR,2014-05-04 20:30,Arsenal,1-0,West Bromwich(WBA),9,2,0,60%,15(4),0(0),0%,0,0,ENG PR,2014-05-04 20:30,Arsenal,1-0,West Bromwich(WBA),9,0,0(0),1,0,0,0,0,0
ENG PR,2014-04-29 03:00,Arsenal,3-0,Newcastle United,9,3,1,61%,20(8),0(0),0%,0,0,ENG PR,2014-04-29 03:00,Arsenal,3-0,Newcastle United,14,4,0(0),3,0,0,0,0,0
ENG PR,2014-04-20 21:05,Hull City,0-3,Arsenal,7,1,0,58%,12(6),0(0),0%,0,0,ENG PR,2014-04-20 21:05,Hull City,0-3,Arsenal,0,2,0(0),4,0,0,0,0,0
ENG PR,2014-04-16 02:45,Arsenal,3-1,West Ham United,14,2,1,61%,14(8),0(0),0%,0,0,ENG PR,2014-04-16 02:45,Arsenal,3-1,West Ham United,4,2,0(0),1,0,0,0,0,0
ENG FAC,2014-04-13 00:05,Wigan Athletic,1-1,Arsenal,13,0,0,63%,27(11),0(0),0%,0,0,ENG FAC,2014-04-13 00:05,Wigan Athletic,1-1,Arsenal,0,8,0(0),1,0,0,0,0,0
ENG PR,2014-04-06 20:30,Everton,3-0,Arsenal,5,2,0,57%,15(5),0(0),0%,0,0,ENG PR,2014-04-06 20:30,Everton,3-0,Arsenal,6,3,0(0),6,0,0,0,0,0
ENG PR,2014-03-30 01:30,Arsenal,1-1,Manchester City,8,1,0,48%,10(3),0(0),0%,0,0,ENG PR,2014-03-30 01:30,Arsenal,1-1,Manchester City,6,2,0(0),3,0,0,0,0,0
ENG PR,2014-03-26 03:45,Arsenal,2-2,Swansea City,11,0,0,61%,13(4),0(0),0%,0,0,ENG PR,2014-03-26 03:45,Arsenal,2-2,Swansea City,0,0,0(0),1,0,0,0,0,0
ENG PR,2014-03-22 20:45,Chelsea,6-0,Arsenal,8,1,1,47%,12(5),0(0),0%,0,0,ENG PR,2014-03-22 20:45,Chelsea,6-0,Arsenal,1,2,0(0),5,0,0,0,0,0
ENG PR,2014-03-16 23:59,Tottenham Hotspur,0-1,Arsenal,11,3,0,41%,7(3),0(0),0%,0,0,ENG PR,2014-03-16 23:59,Tottenham Hotspur,0-1,Arsenal,2,4,0(0),2,0,0,0,0,0
UEFA CL,2014-03-12 03:45,Bayern Munchen,1-1,Arsenal,15,3,0,33%,7(3),0(0),0%,0,0,UEFA CL,2014-03-12 03:45,Bayern Munchen,1-1,Arsenal,5,3,0(0),5,0,0,0,0,0
ENG FAC,2014-03-08 20:45,Arsenal,4-1,Everton,9,2,0,53%,19(11),0(0),0%,0,0,ENG FAC,2014-03-08 20:45,Arsenal,4-1,Everton,0,2,0(0),2,0,0,0,0,0
ENG PR,2014-03-01 23:00,Stoke City,1-0,Arsenal,11,1,0,57%,10(2),0(0),0%,0,0,ENG PR,2014-03-01 23:00,Stoke City,1-0,Arsenal,4,0,0(0),3,0,0,0,0,0
ENG PR,2014-02-22 23:00,Arsenal,4-1,Sunderland A.F.C,10,0,0,65%,12(9),0(0),0%,0,0,ENG PR,2014-02-22 23:00,Arsenal,4-1,Sunderland A.F.C,7,0,0(0),2,0,0,0,0,0
UEFA CL,2014-02-20 03:45,Arsenal,0-2,Bayern Munchen,8,2,1,21%,8(4),0(0),0%,0,0,UEFA CL,2014-02-20 03:45,Arsenal,0-2,Bayern Munchen,2,3,0(0),3,0,0,0,0,0
ENG FAC,2014-02-16 23:59,Arsenal,2-1,Liverpool,18,2,0,0%,9(5),0(0),0%,0,0,ENG FAC,2014-02-16 23:59,Arsenal,2-1,Liverpool,0,4,0(0),6,0,0,0,0,0
ENG PR,2014-02-13 03:45,Arsenal,0-0,Manchester United,10,1,0,57%,17(5),0(0),0%,0,0,ENG PR,2014-02-13 03:45,Arsenal,0-0,Manchester United,5,1,0(0),2,0,0,0,0,0
ENG PR,2014-02-08 20:45,Liverpool,5-1,Arsenal,14,2,0,58%,11(6),0(0),0%,0,0,ENG PR,2014-02-08 20:45,Liverpool,5-1,Arsenal,6,0,0(0),7,0,0,0,0,0
ENG PR,2014-02-02 23:59,Arsenal,2-0,Crystal Palace,9,1,0,73%,11(6),0(0),0%,0,0,ENG PR,2014-02-02 23:59,Arsenal,2-0,Crystal Palace,6,0,0(0),2,0,0,0,0,0
ENG PR,2014-01-29 03:45,Southampton,2-2,Arsenal,4,1,1,47%,7(4),0(0),0%,0,0,ENG PR,2014-01-29 03:45,Southampton,2-2,Arsenal,5,2,0(0),3,0,0,0,0,0
ENG FAC,2014-01-25 03:45,Arsenal,4-0,Coventry City,4,1,0,61%,19(5),0(0),0%,0,0,ENG FAC,2014-01-25 03:45,Arsenal,4-0,Coventry City,0,0,0(0),3,0,0,0,0,0
ENG PR,2014-01-18 23:00,Arsenal,2-0,Fulham,5,0,0,59%,22(8),0(0),0%,0,0,ENG PR,2014-01-18 23:00,Arsenal,2-0,Fulham,4,1,0(0),2,0,0,0,0,0
ENG PR,2014-01-14 04:00,Aston Villa,1-2,Arsenal,9,2,0,64%,8(4),0(0),0%,0,0,ENG PR,2014-01-14 04:00,Aston Villa,1-2,Arsenal,5,5,0(0),4,0,0,0,0,0
ENG FAC,2014-01-05 01:15,Arsenal,2-0,Tottenham Hotspur,7,1,0,45%,14(5),0(0),0%,0,0,ENG FAC,2014-01-05 01:15,Arsenal,2-0,Tottenham Hotspur,0,6,0(0),3,0,0,0,0,0
ENG PR,2014-01-01 23:00,Arsenal,2-0,Cardiff City,6,1,0,68%,28(6),0(0),0%,0,0,ENG PR,2014-01-01 23:00,Arsenal,2-0,Cardiff City,12,3,0(0),2,0,0,0,0,0
ENG PR,2013-12-29 21:30,Newcastle United,0-1,Arsenal,8,3,0,53%,11(5),0(0),0%,0,0,ENG PR,2013-12-29 21:30,Newcastle United,0-1,Arsenal,1,1,0(0),3,0,0,0,0,0
ENG PR,2013-12-26 23:00,West Ham United,1-3,Arsenal,6,1,0,66%,29(8),0(0),0%,0,0,ENG PR,2013-12-26 23:00,West Ham United,1-3,Arsenal,10,2,0(0),4,0,0,0,0,0
ENG PR,2013-12-24 04:00,Arsenal,0-0,Chelsea,7,2,0,61%,7(2),0(0),0%,0,0,ENG PR,2013-12-24 04:00,Arsenal,0-0,Chelsea,8,3,0(0),4,0,0,0,0,0
ENG PR,2013-12-14 20:45,Manchester City,6-3,Arsenal,6,1,0,48%,12(6),0(0),0%,0,0,ENG PR,2013-12-14 20:45,Manchester City,6-3,Arsenal,8,4,0(0),1,0,0,0,0,0
UEFA CL,2013-12-12 03:45,Napoli,2-0,Arsenal,16,2,0,53%,6(1),0(0),0%,0,0,UEFA CL,2013-12-12 03:45,Napoli,2-0,Arsenal,0,3,0(0),3,0,0,0,0,0
ENG PR,2013-12-08 23:59,Arsenal,1-1,Everton,11,0,0,43%,10(5),0(0),0%,0,0,ENG PR,2013-12-08 23:59,Arsenal,1-1,Everton,3,2,0(0),3,0,0,0,0,0
ENG PR,2013-12-05 03:45,Arsenal,2-0,Hull City,9,1,1,67%,20(7),0(0),0%,0,0,ENG PR,2013-12-05 03:45,Arsenal,2-0,Hull City,11,1,0(0),2,0,0,0,0,0
ENG PR,2013-11-30 23:00,Cardiff City,0-3,Arsenal,8,3,0,56%,15(6),0(0),0%,0,0,ENG PR,2013-11-30 23:00,Cardiff City,0-3,Arsenal,2,1,0(0),4,0,0,0,0,0
UEFA CL,2013-11-27 03:45,Arsenal,2-0,Marseille,5,0,0,67%,15(5),0(0),0%,0,0,UEFA CL,2013-11-27 03:45,Arsenal,2-0,Marseille,5,5,0(0),2,0,0,0,0,0
ENG PR,2013-11-23 23:15,Arsenal,2-0,Southampton,10,0,0,49%,8(4),0(0),0%,0,0,ENG PR,2013-11-23 23:15,Arsenal,2-0,Southampton,5,11,0(0),4,0,0,0,0,0
ENG PR,2013-11-11 00:10,Manchester United,1-0,Arsenal,11,3,0,60%,10(2),0(0),0%,0,0,ENG PR,2013-11-11 00:10,Manchester United,1-0,Arsenal,6,2,0(0),1,0,0,0,0,0
UEFA CL,2013-11-07 03:45,Borussia Dortmund,0-1,Arsenal,13,1,0,51%,4(2),0(0),0%,0,0,UEFA CL,2013-11-07 03:45,Borussia Dortmund,0-1,Arsenal,2,4,0(0),3,0,0,0,0,0
ENG PR,2013-11-03 01:30,Arsenal,2-0,Liverpool,11,2,0,54%,12(7),0(0),0%,0,0,ENG PR,2013-11-03 01:30,Arsenal,2-0,Liverpool,3,1,0(0),4,0,0,0,0,0
ENG LC,2013-10-30 03:45,Arsenal,0-2,Chelsea,8,0,0,55%,12(1),0(0),0%,0,0,ENG LC,2013-10-30 03:45,Arsenal,0-2,Chelsea,5,0,0(0),0,0,0,0,0,0
ENG PR,2013-10-26 19:45,Crystal Palace,0-2,Arsenal,8,0,1,63%,10(4),0(0),0%,0,0,ENG PR,2013-10-26 19:45,Crystal Palace,0-2,Arsenal,3,2,0(0),4,0,0,0,0,0
UEFA CL,2013-10-23 02:45,Arsenal,1-2,Borussia Dortmund,14,2,0,58%,9(2),0(0),0%,0,0,UEFA CL,2013-10-23 02:45,Arsenal,1-2,Borussia Dortmund,2,3,0(0),1,0,0,0,0,0
ENG PR,2013-10-19 22:00,Arsenal,4-1,Norwich City,8,0,0,57%,20(11),0(0),0%,0,0,ENG PR,2013-10-19 22:00,Arsenal,4-1,Norwich City,10,1,0(0),5,0,0,0,0,0
ENG PR,2013-10-06 23:00,West Bromwich(WBA),1-1,Arsenal,11,2,0,56%,14(5),0(0),0%,0,0,ENG PR,2013-10-06 23:00,West Bromwich(WBA),1-1,Arsenal,2,2,0(0),3,0,0,0,0,0
UEFA CL,2013-10-02 02:45,Arsenal,2-0,Napoli,16,0,0,63%,9(4),0(0),0%,0,0,UEFA CL,2013-10-02 02:45,Arsenal,2-0,Napoli,6,0,0(0),1,0,0,0,0,0
ENG PR,2013-09-29 00:30,Swansea City,1-2,Arsenal,11,2,1,42%,10(4),0(0),0%,0,0,ENG PR,2013-09-29 00:30,Swansea City,1-2,Arsenal,3,4,0(0),2,0,0,0,0,0
ENG LC,2013-09-26 03:00,West Bromwich(WBA),1-1,Arsenal,14,4,0,53%,12(4),0(0),0%,0,0,ENG LC,2013-09-26 03:00,West Bromwich(WBA),1-1,Arsenal,0,4,0(0),0,0,0,0,0,0
ENG PR,2013-09-22 20:30,Arsenal,3-1,Stoke City,8,0,1,51%,17(9),0(0),0%,0,0,ENG PR,2013-09-22 20:30,Arsenal,3-1,Stoke City,6,1,0(0),2,0,0,0,0,0
UEFA CL,2013-09-19 02:45,Marseille,1-2,Arsenal,9,1,0,51%,9(5),0(0),0%,0,0,UEFA CL,2013-09-19 02:45,Marseille,1-2,Arsenal,4,2,0(0),6,0,0,0,0,0
ENG PR,2013-09-14 22:00,Sunderland A.F.C,1-3,Arsenal,11,2,0,69%,14(6),0(0),0%,0,0,ENG PR,2013-09-14 22:00,Sunderland A.F.C,1-3,Arsenal,6,0,0(0),2,0,0,0,0,0
ENG PR,2013-09-01 23:00,Arsenal,1-0,Tottenham Hotspur,15,2,0,43%,12(5),0(0),0%,0,0,ENG PR,2013-09-01 23:00,Arsenal,1-0,Tottenham Hotspur,3,1,0(0),5,0,0,0,0,0
ENG PR,2013-08-24 19:45,Fulham,1-3,Arsenal,9,2,0,54%,19(9),0(0),0%,0,0,ENG PR,2013-08-24 19:45,Fulham,1-3,Arsenal,8,0,0(0),6,0,0,0,0,0
ENG PR,2013-08-17 22:00,Arsenal,1-3,Aston Villa,15,3,1,64%,15(4),0(0),0%,0,0,ENG PR,2013-08-17 22:00,Arsenal,1-3,Aston Villa,4,3,0(0),3,0,0,0,0,0